{
  "base": {
    "style": {
      "borderColor": "#DDDDDD",
      "borderStyle": "solid",
      "borderWidth": "1px",
      "borderTopLeftRadius": "16px",
      "borderTopRightRadius": "16px",
      "borderBottomLeftRadius": "16px",
      "borderBottomRightRadius": "16px",
      "padding": "20px",
      "textAlign": "center"
    }
  },
  "variants": [
    {
      "pseudo": "hover",
      "style": {
        "borderColor": "#426EDC",
        "borderStyle": "groove",
        "borderWidth": "1px"
      }
    }
  ]
}