{
  "custom": {},
  "params": {
    "attack": 0,
    "defense": 0,
    "hp": 0,
    "id": 788,
    "image_url": "https://raw.githubusercontent.com/PokeAPI/sprites/master/sprites/pokemon/788.png",
    "name": "Tapu Fini",
    "speed": 0,
    "types": [
      {
        "name": "rock"
      },
      {
        "name": "grass"
      }
    ]
  },
  "propConfig": {
    "params.attack": {
      "paramDirection": "input",
      "persistent": true
    },
    "params.defense": {
      "paramDirection": "input",
      "persistent": true
    },
    "params.hp": {
      "paramDirection": "input",
      "persistent": true
    },
    "params.id": {
      "paramDirection": "input",
      "persistent": true
    },
    "params.image_url": {
      "paramDirection": "input",
      "persistent": true
    },
    "params.name": {
      "paramDirection": "input",
      "persistent": true
    },
    "params.speed": {
      "paramDirection": "input",
      "persistent": true
    },
    "params.types": {
      "paramDirection": "input",
      "persistent": true
    }
  },
  "props": {
    "defaultSize": {
      "height": 330,
      "width": 220
    }
  },
  "root": {
    "children": [
      {
        "meta": {
          "name": "PokemonImage"
        },
        "position": {
          "basis": "100px"
        },
        "propConfig": {
          "props.source": {
            "binding": {
              "config": {
                "path": "view.params.image_url"
              },
              "type": "property"
            }
          }
        },
        "type": "ia.display.image"
      },
      {
        "meta": {
          "name": "IdAndNameLabel"
        },
        "position": {
          "basis": "32px"
        },
        "propConfig": {
          "props.text": {
            "binding": {
              "config": {
                "expression": "\"#\" + {view.params.id} + \" \" + {view.params.name}"
              },
              "type": "expr"
            }
          }
        },
        "props": {
          "style": {
            "classes": "Card/title"
          }
        },
        "type": "ia.display.label"
      },
      {
        "meta": {
          "name": "TypesLabel"
        },
        "position": {
          "basis": "32px"
        },
        "propConfig": {
          "props.text": {
            "binding": {
              "config": {
                "expression": "{view.params.types[0].name} + \"\" + {view.params.types[1].name}"
              },
              "type": "expr"
            }
          }
        },
        "props": {
          "style": {
            "classes": "Card/types"
          }
        },
        "type": "ia.display.label"
      },
      {
        "meta": {
          "name": "HpLabel"
        },
        "position": {
          "basis": "32px"
        },
        "propConfig": {
          "props.text": {
            "binding": {
              "config": {
                "expression": "\"HP: \" + {view.params.hp}"
              },
              "type": "expr"
            }
          }
        },
        "props": {
          "style": {
            "classes": "Card/stats"
          }
        },
        "type": "ia.display.label"
      },
      {
        "meta": {
          "name": "AttackLabel"
        },
        "position": {
          "basis": "32px"
        },
        "propConfig": {
          "props.text": {
            "binding": {
              "config": {
                "expression": "\"ATTK: \" + {view.params.attack}"
              },
              "type": "expr"
            }
          }
        },
        "props": {
          "style": {
            "classes": "Card/stats"
          }
        },
        "type": "ia.display.label"
      },
      {
        "meta": {
          "name": "DEfLabel"
        },
        "position": {
          "basis": "32px"
        },
        "propConfig": {
          "props.text": {
            "binding": {
              "config": {
                "expression": "\"DEF: \" + {view.params.defense}"
              },
              "type": "expr"
            }
          }
        },
        "props": {
          "style": {
            "classes": "Card/stats"
          }
        },
        "type": "ia.display.label"
      },
      {
        "meta": {
          "name": "SpdLabel"
        },
        "position": {
          "basis": "32px"
        },
        "propConfig": {
          "props.text": {
            "binding": {
              "config": {
                "expression": "\"SPD: \" + {view.params.speed}"
              },
              "type": "expr"
            }
          }
        },
        "props": {
          "style": {
            "classes": "Card/stats"
          }
        },
        "type": "ia.display.label"
      }
    ],
    "meta": {
      "name": "root"
    },
    "props": {
      "alignItems": "center",
      "direction": "column",
      "justify": "space-evenly",
      "style": {
        "box-shadow": "0 6px 16px rgba(0,0,0,0.1)",
        "classes": "Card/base-card"
      }
    },
    "type": "ia.container.flex"
  }
}