{
  "custom": {},
  "params": {},
  "props": {
    "defaultSize": {
      "height": 33
    }
  },
  "root": {
    "children": [
      {
        "meta": {
          "name": "AuthorLabel"
        },
        "position": {
          "basis": "32px"
        },
        "props": {
          "style": {
            "classes": "Card/title",
            "color": "#B8B8B8",
            "fontWeight": "900",
            "marginRight": "10px"
          },
          "text": "PokeDex by Wilme"
        },
        "type": "ia.display.label"
      }
    ],
    "meta": {
      "name": "root"
    },
    "props": {
      "alignItems": "center",
      "direction": "column",
      "justify": "flex-end",
      "style": {
        "classes": "view-root"
      }
    },
    "type": "ia.container.flex"
  }
}