{
  "base": {
    "style": {
      "backgroundColor": "#F4F4F4",
      "borderColor": "#DDDDDD",
      "borderStyle": "solid",
      "borderWidth": "1px",
      "borderTopLeftRadius": "6px",
      "borderTopRightRadius": "6px",
      "borderBottomLeftRadius": "6px",
      "borderBottomRightRadius": "6px",
      "color": "#5A5A5A",
      "fontFamily": "inter",
      "fontSize": "12px",
      "marginBottom": "10px",
      "paddingBottom": "10px",
      "paddingLeft": "14px",
      "paddingRight": "14px",
      "paddingTop": "10px"
    }
  }
}