{
  "base": {
    "style": {
      "borderColor": "#DDDDDD",
      "borderStyle": "solid",
      "borderWidth": "1px",
      "borderTopLeftRadius": "8px",
      "borderTopRightRadius": "8px",
      "borderBottomLeftRadius": "8px",
      "borderBottomRightRadius": "8px",
      "fontFamily": "Inter",
      "fontSize": "14px",
      "outlineStyle": "none",
      "paddingBottom": "18px",
      "paddingLeft": "8px",
      "paddingRight": "8px",
      "paddingTop": "18px",
      "textShadow": "#969696 0 4px 12px"
    }
  }
}