{
  "custom": {},
  "params": {},
  "props": {
    "defaultSize": {
      "height": 104
    }
  },
  "root": {
    "children": [
      {
        "meta": {
          "name": "LogoImage"
        },
        "position": {
          "basis": "95px"
        },
        "props": {
          "source": "https://raw.githubusercontent.com/PokeAPI/sprites/master/sprites/pokemon/320.png"
        },
        "type": "ia.display.image"
      },
      {
        "meta": {
          "name": "HeadingLabel"
        },
        "position": {
          "basis": "165px"
        },
        "props": {
          "style": {
            "color": "white",
            "fontSize": "30px",
            "fontWeight": "bold"
          },
          "text": "pokeWdex"
        },
        "type": "ia.display.label"
      }
    ],
    "meta": {
      "name": "root"
    },
    "props": {
      "style": {
        "background-color": "#426EDC",
        "classes": "view-root",
        "gap": "10px",
        "marginBottom": "10px"
      }
    },
    "type": "ia.container.flex"
  }
}