{
  "custom": {},
  "events": {
    "system": {
      "onStartup": {
        "config": {
          "script": "\ttry:\n\t\tself.getChild(\"root\").getChild(\"NoFilterPagesLabel\").meta.visible \u003d True\n\t\tself.getChild(\"root\").getChild(\"FilteredPagesLabel\").meta.visible \u003d False\n\t\tself.getChild(\"root\").getChild(\"PokemonsFlexRepeater\").props.instances \u003d []\n\t\t\n\t\turl \u003d \"https://pokeapi.co/api/v2/pokemon/?offset\u003d0\u0026limit\u003d5\"\n\t\t\n\t\tself.getChild(\"root\").custom.currentUrl \u003d url\n\t\t\n\t\tresponse \u003d system.net.httpGet(url)\n\t\tbody \u003d system.util.jsonDecode(response)\n\t\t\n\t\tself.getChild(\"root\").custom.count \u003d body[\"count\"]\n\t\tself.getChild(\"root\").custom.nextUrl \u003d body[\"next\"]\n\t\tself.getChild(\"root\").custom.prevUrl \u003d body[\"previous\"]\n\t\tself.getChild(\"root\").custom.currentPage \u003d 0\n\t\timport math\n\t\tself.getChild(\"root\").custom.totalPages \u003d int(math.ceil(body[\"count\"] / float(5)))\n\t\toffset \u003d int(self.getChild(\"root\").custom.currentUrl.split(\"offset\u003d\")[1].split(\"\u0026\")[0]) if \"offset\u003d\" in self.getChild(\"root\").custom.currentUrl else 0\n\t\tself.getChild(\"root\").custom.currentPageNoFilter \u003d int(offset / 5)\n\t\t\n\t\tfrom pokemon_utils import build_pokemon_cards\n\t\tpokemons \u003d body[\"results\"]\n\t\tinstances \u003d build_pokemon_cards(pokemons, isFiltered\u003dFalse)\n\t\tself.getChild(\"root\").getChild(\"PokemonsFlexRepeater\").props.instances \u003d instances\n\t\t\n\t\tgen_url \u003d \"https://pokeapi.co/api/v2/generation/\"\n\t\tgen_response \u003d system.net.httpGet(gen_url)\n\t\tgen_body \u003d system.util.jsonDecode(gen_response)\n\t\toptions \u003d []\n\t\t\n\t\tfor g in gen_body[\"results\"]:\n\t\t\toptions.append({\n        \t\t\"label\": g[\"name\"],  \n        \t\t\"value\": g[\"url\"]                \n    \t\t})\n\t\t\n\t\tself.getChild(\"root\").getChild(\"GenerationsDropdown\").props.options \u003d options\n\texcept Exception as e:\n\t\tprint(\"Error: \" + str(e))"
        },
        "scope": "G",
        "type": "script"
      }
    }
  },
  "params": {},
  "props": {
    "defaultSize": {
      "height": 666,
      "width": 886
    },
    "instances": [
      {
        "attack": 49,
        "defense": 49,
        "hp": 45,
        "id": 1,
        "image_url": "https://raw.githubusercontent.com/PokeAPI/sprites/master/sprites/pokemon/1.png",
        "name": "bulbasaur",
        "speed": 45,
        "types": [
          {
            "name": "grass"
          },
          {
            "name": "poison"
          }
        ]
      },
      {
        "attack": 62,
        "defense": 63,
        "hp": 60,
        "id": 2,
        "image_url": "https://raw.githubusercontent.com/PokeAPI/sprites/master/sprites/pokemon/2.png",
        "name": "ivysaur",
        "speed": 60,
        "types": [
          {
            "name": "grass"
          },
          {
            "name": "poison"
          }
        ]
      },
      {
        "attack": 82,
        "defense": 83,
        "hp": 80,
        "id": 3,
        "image_url": "https://raw.githubusercontent.com/PokeAPI/sprites/master/sprites/pokemon/3.png",
        "name": "venusaur",
        "speed": 80,
        "types": [
          {
            "name": "grass"
          },
          {
            "name": "poison"
          }
        ]
      },
      {
        "attack": 52,
        "defense": 43,
        "hp": 39,
        "id": 4,
        "image_url": "https://raw.githubusercontent.com/PokeAPI/sprites/master/sprites/pokemon/4.png",
        "name": "charmander",
        "speed": 65,
        "types": [
          {
            "name": "fire"
          },
          {
            "name": "poison"
          }
        ]
      },
      {
        "attack": 64,
        "defense": 58,
        "hp": 58,
        "id": 5,
        "image_url": "https://raw.githubusercontent.com/PokeAPI/sprites/master/sprites/pokemon/5.png",
        "name": "charmeleon",
        "speed": 80,
        "types": [
          {
            "name": "fire"
          },
          {
            "name": "poison"
          }
        ]
      },
      {
        "attack": 84,
        "defense": 78,
        "hp": 78,
        "id": 6,
        "image_url": "https://raw.githubusercontent.com/PokeAPI/sprites/master/sprites/pokemon/6.png",
        "name": "charizard",
        "speed": 100,
        "types": [
          {
            "name": "fire"
          },
          {
            "name": "flying"
          }
        ]
      },
      {
        "attack": 48,
        "defense": 65,
        "hp": 44,
        "id": 7,
        "image_url": "https://raw.githubusercontent.com/PokeAPI/sprites/master/sprites/pokemon/7.png",
        "name": "squirtle",
        "speed": 43,
        "types": [
          {
            "name": "water"
          },
          {
            "name": "flying"
          }
        ]
      }
    ]
  },
  "root": {
    "children": [
      {
        "meta": {
          "name": "LimitNumericEntryField",
          "visible": false
        },
        "position": {
          "breakpoints": [
            {
              "colIndex": 0,
              "name": "sm",
              "order": 0,
              "rowIndex": 0,
              "span": 1
            },
            {
              "colIndex": 0,
              "name": "md",
              "order": 0,
              "rowIndex": 0,
              "span": 1
            },
            {
              "colIndex": 0,
              "name": "lg",
              "order": 0,
              "rowIndex": 0,
              "span": 1
            }
          ],
          "height": 40
        },
        "props": {
          "enabled": false,
          "inputBounds": {
            "minimum": 1
          },
          "placeholder": "Limit (10 by default)",
          "style": {
            "classes": "inputs/input"
          },
          "value": 5
        },
        "type": "ia.input.numeric-entry-field"
      },
      {
        "events": {
          "component": {
            "onActionPerformed": {
              "config": {
                "script": "\tif self.props.value \u003d\u003d None:\n\t\tself.getSibling(\"FiltersButton\").props.enabled \u003d False\n\telse:\n\t\tself.getSibling(\"FiltersButton\").props.enabled \u003d True"
              },
              "scope": "G",
              "type": "script"
            }
          }
        },
        "meta": {
          "name": "GenerationsDropdown"
        },
        "position": {
          "breakpoints": [
            {
              "colIndex": 1,
              "name": "sm",
              "order": 2,
              "rowIndex": 0,
              "span": 4
            },
            {
              "colIndex": 1,
              "name": "md",
              "order": 2,
              "rowIndex": 0,
              "span": 4
            },
            {
              "colIndex": 1,
              "name": "lg",
              "order": 2,
              "rowIndex": 0,
              "span": 4
            }
          ],
          "height": 40
        },
        "props": {
          "options": [
            {
              "label": "generation-i",
              "value": "https://pokeapi.co/api/v2/generation/1/"
            },
            {
              "label": "generation-ii",
              "value": "https://pokeapi.co/api/v2/generation/2/"
            },
            {
              "label": "generation-iii",
              "value": "https://pokeapi.co/api/v2/generation/3/"
            },
            {
              "label": "generation-iv",
              "value": "https://pokeapi.co/api/v2/generation/4/"
            },
            {
              "label": "generation-v",
              "value": "https://pokeapi.co/api/v2/generation/5/"
            },
            {
              "label": "generation-vi",
              "value": "https://pokeapi.co/api/v2/generation/6/"
            },
            {
              "label": "generation-vii",
              "value": "https://pokeapi.co/api/v2/generation/7/"
            },
            {
              "label": "generation-viii",
              "value": "https://pokeapi.co/api/v2/generation/8/"
            },
            {
              "label": "generation-ix",
              "value": "https://pokeapi.co/api/v2/generation/9/"
            }
          ],
          "placeholder": {
            "icon": {
              "path": "material/list"
            },
            "text": "No generation"
          },
          "style": {
            "border": "1px solid #DDD",
            "borderRadius": "8px"
          }
        },
        "type": "ia.input.dropdown"
      },
      {
        "meta": {
          "name": "PokemonsFlexRepeater"
        },
        "position": {
          "breakpoints": [
            {
              "colIndex": 0,
              "name": "sm",
              "order": 2,
              "rowIndex": 1,
              "span": 12
            },
            {
              "colIndex": 1,
              "name": "md",
              "order": 1,
              "rowIndex": 1,
              "span": 10
            },
            {
              "colIndex": 1,
              "name": "lg",
              "order": 0,
              "rowIndex": 1,
              "span": 10
            }
          ],
          "height": 421
        },
        "props": {
          "alignContent": "flex-start",
          "alignItems": "center",
          "instances": [
            {
              "attack": 49,
              "defense": 49,
              "hp": 45,
              "id": 1,
              "image_url": "https://raw.githubusercontent.com/PokeAPI/sprites/master/sprites/pokemon/1.png",
              "name": "bulbasaur",
              "speed": 45,
              "types": [
                {
                  "name": "grass"
                },
                {
                  "name": ", poison"
                }
              ]
            },
            {
              "attack": 62,
              "defense": 63,
              "hp": 60,
              "id": 2,
              "image_url": "https://raw.githubusercontent.com/PokeAPI/sprites/master/sprites/pokemon/2.png",
              "name": "ivysaur",
              "speed": 60,
              "types": [
                {
                  "name": "grass"
                },
                {
                  "name": ", poison"
                }
              ]
            },
            {
              "attack": 82,
              "defense": 83,
              "hp": 80,
              "id": 3,
              "image_url": "https://raw.githubusercontent.com/PokeAPI/sprites/master/sprites/pokemon/3.png",
              "name": "venusaur",
              "speed": 80,
              "types": [
                {
                  "name": "grass"
                },
                {
                  "name": ", poison"
                }
              ]
            },
            {
              "attack": 52,
              "defense": 43,
              "hp": 39,
              "id": 4,
              "image_url": "https://raw.githubusercontent.com/PokeAPI/sprites/master/sprites/pokemon/4.png",
              "name": "charmander",
              "speed": 65,
              "types": [
                {
                  "name": "fire"
                },
                {
                  "name": ""
                }
              ]
            },
            {
              "attack": 64,
              "defense": 58,
              "hp": 58,
              "id": 5,
              "image_url": "https://raw.githubusercontent.com/PokeAPI/sprites/master/sprites/pokemon/5.png",
              "name": "charmeleon",
              "speed": 80,
              "types": [
                {
                  "name": "fire"
                },
                {
                  "name": ""
                }
              ]
            }
          ],
          "path": "Components/Card",
          "style": {
            "gap": "40px",
            "paddingTop": "20px"
          }
        },
        "type": "ia.display.flex-repeater"
      },
      {
        "events": {
          "component": {
            "onActionPerformed": {
              "config": {
                "script": "    \n    try:\n    \tgen_url \u003d self.getSibling(\"GenerationsDropdown\").props.value\n    \t\n    \tif gen_url:\n\t\t\tpokemons \u003d self.parent.custom.filteredPokemons\n\t\t\t\n\t\t\tif self.parent.custom.endIndex \u003e\u003d len(pokemons):\n\t\t\t\treturn\n\t\t\t\n\t\t\tself.parent.custom.currentPage +\u003d 1\n\t\t\t\n\t\t\tself.parent.custom.startIndex \u003d self.parent.custom.currentPage * 5\n\t\t\tself.parent.custom.endIndex \u003d self.parent.custom.startIndex + 5\n\t\t\t\n\t\t\tself.parent.custom.visibleItems \u003d pokemons[self.parent.custom.startIndex:self.parent.custom.endIndex]\n\t\t\t\n\t\t\tself.getSibling(\"PokemonsFlexRepeater\").props.instances \u003d []\n\t\t\t\n\t\t\tfrom pokemon_utils import build_pokemon_cards\n\t\t\tinstances \u003d build_pokemon_cards(self.parent.custom.visibleItems, isFiltered\u003dTrue)\n        else:\n\t\t\tself.getSibling(\"PokemonsFlexRepeater\").props.instances \u003d []\n\t\t\t\n\t\t\tnext_url \u003d self.parent.custom.nextUrl\n\t\t\tif not next_url:\n\t\t\t\treturn\n\t\t\t\n\t\t\tself.parent.custom.currentUrl \u003d next_url\n\t\t\toffset \u003d int(self.parent.custom.currentUrl.split(\"offset\u003d\")[1].split(\"\u0026\")[0]) if \"offset\u003d\" in self.parent.custom.currentUrl else 0\n\t\t\tself.parent.custom.currentPageNoFilter \u003d int(offset / 5)\n\t\t\t\n\t\t\tresponse \u003d system.net.httpGet(next_url)\n\t\t\tbody \u003d system.util.jsonDecode(response)\n\t\t\t\n\t\t\tself.parent.custom.nextUrl \u003d body[\"next\"]\n\t\t\tself.parent.custom.prevUrl \u003d body[\"previous\"]\n\t\t\t\n\t\t\tfrom pokemon_utils import build_pokemon_cards\n\t\t\tpokemons \u003d body[\"results\"]\n\t\t\tinstances \u003d build_pokemon_cards(pokemons, isFiltered\u003dFalse)\n\t\t\t\t\n        self.getSibling(\"PokemonsFlexRepeater\").props.instances \u003d instances\n    except Exception as e:\n    \tsystem.perspective.print(\"Error: \" + str(e))"
              },
              "scope": "G",
              "type": "script"
            }
          }
        },
        "meta": {
          "name": "NextButton",
          "tooltip": {
            "enabled": true
          }
        },
        "position": {
          "breakpoints": [
            {
              "colIndex": 10,
              "name": "sm",
              "order": 2,
              "rowIndex": 2,
              "span": 1
            },
            {
              "colIndex": 10,
              "name": "md",
              "order": 2,
              "rowIndex": 2,
              "span": 1
            },
            {
              "colIndex": 10,
              "name": "lg",
              "order": 2,
              "rowIndex": 2,
              "span": 1
            }
          ],
          "height": 30
        },
        "props": {
          "image": {
            "icon": {
              "path": "material/keyboard_arrow_right"
            }
          },
          "primary": false,
          "text": ""
        },
        "type": "ia.input.button"
      },
      {
        "events": {
          "component": {
            "onActionPerformed": {
              "config": {
                "script": "\ttry:\n\t\tgen_url \u003d self.getSibling(\"GenerationsDropdown\").props.value\n\t\n\t\tif gen_url:\n\t\t\tif self.parent.custom.currentPage \u003e 0:\n\t\t\t\tself.parent.custom.currentPage -\u003d 1\n\t\t\telse:\n\t\t\t\tself.parent.custom.currentPage \u003d 0\n\t\t\t\treturn\n\t\t\t\n\t\t\tpokemons \u003d self.parent.custom.filteredPokemons\n\t\n\t\t\tself.parent.custom.startIndex \u003d self.parent.custom.currentPage * 5\n\t\t\tself.parent.custom.endIndex \u003d self.parent.custom.startIndex + 5\n\t\t\tself.parent.custom.visibleItems \u003d pokemons[self.parent.custom.startIndex:self.parent.custom.endIndex]\n\t\t\t\n\t\t\tself.getSibling(\"PokemonsFlexRepeater\").props.instances \u003d []\n\t\t\t\n\t\t\tfrom pokemon_utils import build_pokemon_cards\n\t\t\tinstances \u003d build_pokemon_cards(self.parent.custom.visibleItems, isFiltered\u003dTrue)\n\t\t\t\n\t\telse:\n\t\t\tif self.parent.custom.prevUrl \u003d\u003d None:\n\t\t\t\treturn\n\t\t\t\t\n\t\t\tself.getSibling(\"PokemonsFlexRepeater\").props.instances \u003d []\n\t\t\t\n\t\t\tprev_url \u003d self.parent.custom.prevUrl\n\t\t\tif not prev_url:\n\t\t\t\treturn\n\t\t\t\n\t\t\tself.parent.custom.currentUrl \u003d prev_url\n\t\t\toffset \u003d int(self.parent.custom.currentUrl.split(\"offset\u003d\")[1].split(\"\u0026\")[0]) if \"offset\u003d\" in self.parent.custom.currentUrl else 0\n\t\t\tself.parent.custom.currentPageNoFilter \u003d int(offset / 5)\n\t\t\t\n\t\t\tresponse \u003d system.net.httpGet(prev_url)\n\t\t\tbody \u003d system.util.jsonDecode(response)\n\t\t\t\n\t\t\tself.parent.custom.nextUrl \u003d body[\"next\"]\n\t\t\tself.parent.custom.prevUrl \u003d body[\"previous\"]\n\t\t\t\n\t\t\tfrom pokemon_utils import build_pokemon_cards\n\t\t\tpokemons \u003d body[\"results\"]\n\t\t\tinstances \u003d build_pokemon_cards(pokemons, isFiltered\u003dFalse)\n\t\t\n\t\tself.getSibling(\"PokemonsFlexRepeater\").props.instances \u003d instances\n\texcept Exception as e:\n\t\tsystem.perspective.print(\"Error: \" + str(e))"
              },
              "scope": "G",
              "type": "script"
            }
          }
        },
        "meta": {
          "name": "BackButton"
        },
        "position": {
          "breakpoints": [
            {
              "colIndex": 1,
              "name": "sm",
              "order": 0.5,
              "rowIndex": 2,
              "span": 1
            },
            {
              "colIndex": 1,
              "name": "md",
              "order": 0.5,
              "rowIndex": 2,
              "span": 1
            },
            {
              "colIndex": 1,
              "name": "lg",
              "order": 0,
              "rowIndex": 2,
              "span": 1
            }
          ],
          "height": 30
        },
        "props": {
          "image": {
            "icon": {
              "path": "material/keyboard_arrow_left"
            }
          },
          "primary": false,
          "text": ""
        },
        "type": "ia.input.button"
      },
      {
        "events": {
          "component": {
            "onActionPerformed": {
              "config": {
                "script": "\ttry:\n\t\tself.getSibling(\"NoFilterPagesLabel\").meta.visible \u003d True\n\t\tself.getSibling(\"FilteredPagesLabel\").meta.visible \u003d False\n\t\t\n\t\tself.getSibling(\"GenerationsDropdown\").props.value \u003d None\n\t\tself.getSibling(\"FiltersButton\").props.enabled \u003d False\n\t\t\n\t\tself.getSibling(\"PokemonsFlexRepeater\").props.instances \u003d []\n\t\t\n\t\turl \u003d \"https://pokeapi.co/api/v2/pokemon/?offset\u003d0\u0026limit\u003d5\"\n\t\t\n\t\tself.parent.custom.currentUrl \u003d url\n\t\t\n\t\tresponse \u003d system.net.httpGet(url)\n\t\tbody \u003d system.util.jsonDecode(response)\n\t\t\n\t\tself.parent.custom.nextUrl \u003d body[\"next\"]\n\t\tself.parent.custom.prevUrl \u003d body[\"previous\"]\n\t\tself.parent.custom.currentPage \u003d 0\n\t\toffset \u003d int(self.parent.custom.currentUrl.split(\"offset\u003d\")[1].split(\"\u0026\")[0]) if \"offset\u003d\" in self.parent.custom.currentUrl else 0\n\t\tself.parent.custom.currentPageNoFilter \u003d int(offset / 5)\n\t\t\n\t\tfrom pokemon_utils import build_pokemon_cards\n\t\tpokemons \u003d body[\"results\"]\n\t\tinstances \u003d build_pokemon_cards(pokemons, isFiltered\u003dFalse)\n\t\tself.getSibling(\"PokemonsFlexRepeater\").props.instances \u003d instances\n\t\t\n\t\tgen_url \u003d \"https://pokeapi.co/api/v2/generation/\"\n\t\tgen_response \u003d system.net.httpGet(gen_url)\n\t\tgen_body \u003d system.util.jsonDecode(gen_response)\n\t\t\n\t\tfor g in gen_body[\"results\"]:\n\t\t\toptions.append({\n        \t\t\"label\": g[\"name\"],  \n        \t\t\"value\": g[\"url\"]                \n    \t\t})\n\t\t\n\t\tself.getSibling(\"GenerationsDropdown\").props.options \u003d options\n\texcept Exception as e:\n\t\tprint(\"Error: \" + str(e))"
              },
              "scope": "G",
              "type": "script"
            }
          }
        },
        "meta": {
          "name": "ClearFiltersButton"
        },
        "position": {
          "breakpoints": [
            {
              "colIndex": 10,
              "name": "sm",
              "order": 4,
              "rowIndex": 0,
              "span": 1
            },
            {
              "colIndex": 10,
              "name": "md",
              "order": 4,
              "rowIndex": 0,
              "span": 1
            },
            {
              "colIndex": 10,
              "name": "lg",
              "order": 4,
              "rowIndex": 0,
              "span": 1
            }
          ],
          "height": 40
        },
        "props": {
          "image": {
            "icon": {
              "path": "material/refresh"
            }
          },
          "primary": false,
          "text": ""
        },
        "type": "ia.input.button"
      },
      {
        "meta": {
          "name": "FilteredPagesLabel",
          "visible": false
        },
        "position": {
          "breakpoints": [
            {
              "colIndex": 5,
              "name": "sm",
              "order": 1,
              "rowIndex": 2,
              "span": 2
            },
            {
              "colIndex": 5,
              "name": "md",
              "order": 1,
              "rowIndex": 2,
              "span": 2
            },
            {
              "colIndex": 5,
              "name": "lg",
              "order": 1,
              "rowIndex": 2,
              "span": 2
            }
          ],
          "height": 30
        },
        "propConfig": {
          "props.text": {
            "binding": {
              "config": {
                "expression": "\"Page \" + toString({parent.custom.currentPage} + 1) + \" of \" + toString(toInteger(ceil(len({parent.custom.filteredPokemons}) / 5)))"
              },
              "type": "expr"
            }
          }
        },
        "props": {
          "textStyle": {
            "textAlign": "center"
          }
        },
        "type": "ia.display.label"
      },
      {
        "meta": {
          "name": "NoFilterPagesLabel"
        },
        "position": {
          "breakpoints": [
            {
              "colIndex": 5,
              "name": "sm",
              "order": 1,
              "rowIndex": 3,
              "span": 2
            },
            {
              "colIndex": 5,
              "name": "md",
              "order": 1,
              "rowIndex": 3,
              "span": 2
            },
            {
              "colIndex": 5,
              "name": "lg",
              "order": 1,
              "rowIndex": 3,
              "span": 2
            }
          ],
          "height": 30
        },
        "propConfig": {
          "props.text": {
            "binding": {
              "config": {
                "expression": "\"Page \" + toString({parent.custom.currentPageNoFilter} + 1) + \" of \" + toString({parent.custom.totalPages})"
              },
              "type": "expr"
            }
          }
        },
        "props": {
          "textStyle": {
            "textAlign": "center"
          }
        },
        "type": "ia.display.label"
      },
      {
        "events": {
          "component": {
            "onActionPerformed": {
              "config": {
                "script": "\t\n    try:\n        limit \u003d self.getSibling(\"LimitNumericEntryField\").props.value\n        \n        gen_url \u003d self.getSibling(\"GenerationsDropdown\").props.value\n        \n        self.getSibling(\"PokemonsFlexRepeater\").props.instances \u003d []\n            \n        gen_response \u003d system.net.httpGet(gen_url)\n        gen_body \u003d system.util.jsonDecode(gen_response)\n        pokemons \u003d gen_body[\"pokemon_species\"]\n            \n        self.parent.custom.filteredPokemons \u003d pokemons\n            \n        self.parent.custom.currentPage \u003d 0\n        self.parent.custom.startIndex \u003d self.parent.custom.currentPage * limit\n        self.parent.custom.endIndex \u003d self.parent.custom.startIndex + limit\n        \n        from pokemon_utils import build_pokemon_cards\n        pokemons \u003d pokemons[:limit]\n        instances \u003d build_pokemon_cards(pokemons, isFiltered\u003dTrue)\n        self.getSibling(\"PokemonsFlexRepeater\").props.instances \u003d instances\n        self.getSibling(\"NoFilterPagesLabel\").meta.visible \u003d False\n        self.getSibling(\"FilteredPagesLabel\").meta.visible \u003d True\n        \n    except Exception as e:\n        system.perspective.print(\"Error: \" + str(e))"
              },
              "scope": "G",
              "type": "script"
            }
          }
        },
        "meta": {
          "name": "FiltersButton"
        },
        "position": {
          "breakpoints": [
            {
              "colIndex": 5,
              "name": "sm",
              "order": 3,
              "rowIndex": 0,
              "span": 5
            },
            {
              "colIndex": 5,
              "name": "md",
              "order": 3,
              "rowIndex": 0,
              "span": 5
            },
            {
              "colIndex": 5,
              "name": "lg",
              "order": 3,
              "rowIndex": 0,
              "span": 5
            }
          ],
          "height": 40
        },
        "props": {
          "image": {
            "icon": {
              "path": "material/filter_alt"
            }
          },
          "style": {
            "classes": "buttons/btn-primary"
          },
          "text": "Apply filters"
        },
        "type": "ia.input.button"
      }
    ],
    "custom": {
      "count": 1302,
      "currentPage": 0,
      "currentPageNoFilter": 0,
      "currentUrl": "https://pokeapi.co/api/v2/pokemon/?offset\u003d0\u0026limit\u003d5",
      "endIndex": 5,
      "filteredPokemons": [
        {
          "name": "bulbasaur",
          "url": "https://pokeapi.co/api/v2/pokemon-species/1/"
        },
        {
          "name": "charmander",
          "url": "https://pokeapi.co/api/v2/pokemon-species/4/"
        },
        {
          "name": "squirtle",
          "url": "https://pokeapi.co/api/v2/pokemon-species/7/"
        },
        {
          "name": "caterpie",
          "url": "https://pokeapi.co/api/v2/pokemon-species/10/"
        },
        {
          "name": "weedle",
          "url": "https://pokeapi.co/api/v2/pokemon-species/13/"
        },
        {
          "name": "pidgey",
          "url": "https://pokeapi.co/api/v2/pokemon-species/16/"
        },
        {
          "name": "rattata",
          "url": "https://pokeapi.co/api/v2/pokemon-species/19/"
        },
        {
          "name": "spearow",
          "url": "https://pokeapi.co/api/v2/pokemon-species/21/"
        },
        {
          "name": "ekans",
          "url": "https://pokeapi.co/api/v2/pokemon-species/23/"
        },
        {
          "name": "sandshrew",
          "url": "https://pokeapi.co/api/v2/pokemon-species/27/"
        },
        {
          "name": "nidoran-f",
          "url": "https://pokeapi.co/api/v2/pokemon-species/29/"
        },
        {
          "name": "nidoran-m",
          "url": "https://pokeapi.co/api/v2/pokemon-species/32/"
        },
        {
          "name": "vulpix",
          "url": "https://pokeapi.co/api/v2/pokemon-species/37/"
        },
        {
          "name": "zubat",
          "url": "https://pokeapi.co/api/v2/pokemon-species/41/"
        },
        {
          "name": "oddish",
          "url": "https://pokeapi.co/api/v2/pokemon-species/43/"
        },
        {
          "name": "paras",
          "url": "https://pokeapi.co/api/v2/pokemon-species/46/"
        },
        {
          "name": "venonat",
          "url": "https://pokeapi.co/api/v2/pokemon-species/48/"
        },
        {
          "name": "diglett",
          "url": "https://pokeapi.co/api/v2/pokemon-species/50/"
        },
        {
          "name": "meowth",
          "url": "https://pokeapi.co/api/v2/pokemon-species/52/"
        },
        {
          "name": "psyduck",
          "url": "https://pokeapi.co/api/v2/pokemon-species/54/"
        },
        {
          "name": "mankey",
          "url": "https://pokeapi.co/api/v2/pokemon-species/56/"
        },
        {
          "name": "growlithe",
          "url": "https://pokeapi.co/api/v2/pokemon-species/58/"
        },
        {
          "name": "poliwag",
          "url": "https://pokeapi.co/api/v2/pokemon-species/60/"
        },
        {
          "name": "abra",
          "url": "https://pokeapi.co/api/v2/pokemon-species/63/"
        },
        {
          "name": "machop",
          "url": "https://pokeapi.co/api/v2/pokemon-species/66/"
        },
        {
          "name": "bellsprout",
          "url": "https://pokeapi.co/api/v2/pokemon-species/69/"
        },
        {
          "name": "tentacool",
          "url": "https://pokeapi.co/api/v2/pokemon-species/72/"
        },
        {
          "name": "geodude",
          "url": "https://pokeapi.co/api/v2/pokemon-species/74/"
        },
        {
          "name": "venusaur",
          "url": "https://pokeapi.co/api/v2/pokemon-species/3/"
        },
        {
          "name": "charmeleon",
          "url": "https://pokeapi.co/api/v2/pokemon-species/5/"
        },
        {
          "name": "charizard",
          "url": "https://pokeapi.co/api/v2/pokemon-species/6/"
        },
        {
          "name": "wartortle",
          "url": "https://pokeapi.co/api/v2/pokemon-species/8/"
        },
        {
          "name": "blastoise",
          "url": "https://pokeapi.co/api/v2/pokemon-species/9/"
        },
        {
          "name": "metapod",
          "url": "https://pokeapi.co/api/v2/pokemon-species/11/"
        },
        {
          "name": "butterfree",
          "url": "https://pokeapi.co/api/v2/pokemon-species/12/"
        },
        {
          "name": "kakuna",
          "url": "https://pokeapi.co/api/v2/pokemon-species/14/"
        },
        {
          "name": "beedrill",
          "url": "https://pokeapi.co/api/v2/pokemon-species/15/"
        },
        {
          "name": "pidgeotto",
          "url": "https://pokeapi.co/api/v2/pokemon-species/17/"
        },
        {
          "name": "pidgeot",
          "url": "https://pokeapi.co/api/v2/pokemon-species/18/"
        },
        {
          "name": "raticate",
          "url": "https://pokeapi.co/api/v2/pokemon-species/20/"
        },
        {
          "name": "fearow",
          "url": "https://pokeapi.co/api/v2/pokemon-species/22/"
        },
        {
          "name": "arbok",
          "url": "https://pokeapi.co/api/v2/pokemon-species/24/"
        },
        {
          "name": "pikachu",
          "url": "https://pokeapi.co/api/v2/pokemon-species/25/"
        },
        {
          "name": "raichu",
          "url": "https://pokeapi.co/api/v2/pokemon-species/26/"
        },
        {
          "name": "sandslash",
          "url": "https://pokeapi.co/api/v2/pokemon-species/28/"
        },
        {
          "name": "nidorina",
          "url": "https://pokeapi.co/api/v2/pokemon-species/30/"
        },
        {
          "name": "nidoqueen",
          "url": "https://pokeapi.co/api/v2/pokemon-species/31/"
        },
        {
          "name": "nidorino",
          "url": "https://pokeapi.co/api/v2/pokemon-species/33/"
        },
        {
          "name": "nidoking",
          "url": "https://pokeapi.co/api/v2/pokemon-species/34/"
        },
        {
          "name": "clefairy",
          "url": "https://pokeapi.co/api/v2/pokemon-species/35/"
        },
        {
          "name": "clefable",
          "url": "https://pokeapi.co/api/v2/pokemon-species/36/"
        },
        {
          "name": "ninetales",
          "url": "https://pokeapi.co/api/v2/pokemon-species/38/"
        },
        {
          "name": "jigglypuff",
          "url": "https://pokeapi.co/api/v2/pokemon-species/39/"
        },
        {
          "name": "wigglytuff",
          "url": "https://pokeapi.co/api/v2/pokemon-species/40/"
        },
        {
          "name": "golbat",
          "url": "https://pokeapi.co/api/v2/pokemon-species/42/"
        },
        {
          "name": "gloom",
          "url": "https://pokeapi.co/api/v2/pokemon-species/44/"
        },
        {
          "name": "vileplume",
          "url": "https://pokeapi.co/api/v2/pokemon-species/45/"
        },
        {
          "name": "parasect",
          "url": "https://pokeapi.co/api/v2/pokemon-species/47/"
        },
        {
          "name": "venomoth",
          "url": "https://pokeapi.co/api/v2/pokemon-species/49/"
        },
        {
          "name": "dugtrio",
          "url": "https://pokeapi.co/api/v2/pokemon-species/51/"
        },
        {
          "name": "persian",
          "url": "https://pokeapi.co/api/v2/pokemon-species/53/"
        },
        {
          "name": "golduck",
          "url": "https://pokeapi.co/api/v2/pokemon-species/55/"
        },
        {
          "name": "primeape",
          "url": "https://pokeapi.co/api/v2/pokemon-species/57/"
        },
        {
          "name": "arcanine",
          "url": "https://pokeapi.co/api/v2/pokemon-species/59/"
        },
        {
          "name": "poliwhirl",
          "url": "https://pokeapi.co/api/v2/pokemon-species/61/"
        },
        {
          "name": "poliwrath",
          "url": "https://pokeapi.co/api/v2/pokemon-species/62/"
        },
        {
          "name": "kadabra",
          "url": "https://pokeapi.co/api/v2/pokemon-species/64/"
        },
        {
          "name": "alakazam",
          "url": "https://pokeapi.co/api/v2/pokemon-species/65/"
        },
        {
          "name": "machoke",
          "url": "https://pokeapi.co/api/v2/pokemon-species/67/"
        },
        {
          "name": "machamp",
          "url": "https://pokeapi.co/api/v2/pokemon-species/68/"
        },
        {
          "name": "weepinbell",
          "url": "https://pokeapi.co/api/v2/pokemon-species/70/"
        },
        {
          "name": "victreebel",
          "url": "https://pokeapi.co/api/v2/pokemon-species/71/"
        },
        {
          "name": "tentacruel",
          "url": "https://pokeapi.co/api/v2/pokemon-species/73/"
        },
        {
          "name": "graveler",
          "url": "https://pokeapi.co/api/v2/pokemon-species/75/"
        },
        {
          "name": "ponyta",
          "url": "https://pokeapi.co/api/v2/pokemon-species/77/"
        },
        {
          "name": "slowpoke",
          "url": "https://pokeapi.co/api/v2/pokemon-species/79/"
        },
        {
          "name": "magnemite",
          "url": "https://pokeapi.co/api/v2/pokemon-species/81/"
        },
        {
          "name": "farfetchd",
          "url": "https://pokeapi.co/api/v2/pokemon-species/83/"
        },
        {
          "name": "doduo",
          "url": "https://pokeapi.co/api/v2/pokemon-species/84/"
        },
        {
          "name": "seel",
          "url": "https://pokeapi.co/api/v2/pokemon-species/86/"
        },
        {
          "name": "grimer",
          "url": "https://pokeapi.co/api/v2/pokemon-species/88/"
        },
        {
          "name": "shellder",
          "url": "https://pokeapi.co/api/v2/pokemon-species/90/"
        },
        {
          "name": "gastly",
          "url": "https://pokeapi.co/api/v2/pokemon-species/92/"
        },
        {
          "name": "onix",
          "url": "https://pokeapi.co/api/v2/pokemon-species/95/"
        },
        {
          "name": "drowzee",
          "url": "https://pokeapi.co/api/v2/pokemon-species/96/"
        },
        {
          "name": "krabby",
          "url": "https://pokeapi.co/api/v2/pokemon-species/98/"
        },
        {
          "name": "voltorb",
          "url": "https://pokeapi.co/api/v2/pokemon-species/100/"
        },
        {
          "name": "exeggcute",
          "url": "https://pokeapi.co/api/v2/pokemon-species/102/"
        },
        {
          "name": "cubone",
          "url": "https://pokeapi.co/api/v2/pokemon-species/104/"
        },
        {
          "name": "lickitung",
          "url": "https://pokeapi.co/api/v2/pokemon-species/108/"
        },
        {
          "name": "koffing",
          "url": "https://pokeapi.co/api/v2/pokemon-species/109/"
        },
        {
          "name": "rhyhorn",
          "url": "https://pokeapi.co/api/v2/pokemon-species/111/"
        },
        {
          "name": "tangela",
          "url": "https://pokeapi.co/api/v2/pokemon-species/114/"
        },
        {
          "name": "kangaskhan",
          "url": "https://pokeapi.co/api/v2/pokemon-species/115/"
        },
        {
          "name": "horsea",
          "url": "https://pokeapi.co/api/v2/pokemon-species/116/"
        },
        {
          "name": "goldeen",
          "url": "https://pokeapi.co/api/v2/pokemon-species/118/"
        },
        {
          "name": "staryu",
          "url": "https://pokeapi.co/api/v2/pokemon-species/120/"
        },
        {
          "name": "scyther",
          "url": "https://pokeapi.co/api/v2/pokemon-species/123/"
        },
        {
          "name": "pinsir",
          "url": "https://pokeapi.co/api/v2/pokemon-species/127/"
        },
        {
          "name": "tauros",
          "url": "https://pokeapi.co/api/v2/pokemon-species/128/"
        },
        {
          "name": "magikarp",
          "url": "https://pokeapi.co/api/v2/pokemon-species/129/"
        },
        {
          "name": "lapras",
          "url": "https://pokeapi.co/api/v2/pokemon-species/131/"
        },
        {
          "name": "ditto",
          "url": "https://pokeapi.co/api/v2/pokemon-species/132/"
        },
        {
          "name": "eevee",
          "url": "https://pokeapi.co/api/v2/pokemon-species/133/"
        },
        {
          "name": "porygon",
          "url": "https://pokeapi.co/api/v2/pokemon-species/137/"
        },
        {
          "name": "omanyte",
          "url": "https://pokeapi.co/api/v2/pokemon-species/138/"
        },
        {
          "name": "kabuto",
          "url": "https://pokeapi.co/api/v2/pokemon-species/140/"
        },
        {
          "name": "aerodactyl",
          "url": "https://pokeapi.co/api/v2/pokemon-species/142/"
        },
        {
          "name": "articuno",
          "url": "https://pokeapi.co/api/v2/pokemon-species/144/"
        },
        {
          "name": "zapdos",
          "url": "https://pokeapi.co/api/v2/pokemon-species/145/"
        },
        {
          "name": "moltres",
          "url": "https://pokeapi.co/api/v2/pokemon-species/146/"
        },
        {
          "name": "dratini",
          "url": "https://pokeapi.co/api/v2/pokemon-species/147/"
        },
        {
          "name": "mewtwo",
          "url": "https://pokeapi.co/api/v2/pokemon-species/150/"
        },
        {
          "name": "rapidash",
          "url": "https://pokeapi.co/api/v2/pokemon-species/78/"
        },
        {
          "name": "slowbro",
          "url": "https://pokeapi.co/api/v2/pokemon-species/80/"
        },
        {
          "name": "magneton",
          "url": "https://pokeapi.co/api/v2/pokemon-species/82/"
        },
        {
          "name": "dodrio",
          "url": "https://pokeapi.co/api/v2/pokemon-species/85/"
        },
        {
          "name": "dewgong",
          "url": "https://pokeapi.co/api/v2/pokemon-species/87/"
        },
        {
          "name": "muk",
          "url": "https://pokeapi.co/api/v2/pokemon-species/89/"
        },
        {
          "name": "cloyster",
          "url": "https://pokeapi.co/api/v2/pokemon-species/91/"
        },
        {
          "name": "haunter",
          "url": "https://pokeapi.co/api/v2/pokemon-species/93/"
        },
        {
          "name": "gengar",
          "url": "https://pokeapi.co/api/v2/pokemon-species/94/"
        },
        {
          "name": "hypno",
          "url": "https://pokeapi.co/api/v2/pokemon-species/97/"
        },
        {
          "name": "kingler",
          "url": "https://pokeapi.co/api/v2/pokemon-species/99/"
        },
        {
          "name": "electrode",
          "url": "https://pokeapi.co/api/v2/pokemon-species/101/"
        },
        {
          "name": "exeggutor",
          "url": "https://pokeapi.co/api/v2/pokemon-species/103/"
        },
        {
          "name": "marowak",
          "url": "https://pokeapi.co/api/v2/pokemon-species/105/"
        },
        {
          "name": "hitmonlee",
          "url": "https://pokeapi.co/api/v2/pokemon-species/106/"
        },
        {
          "name": "hitmonchan",
          "url": "https://pokeapi.co/api/v2/pokemon-species/107/"
        },
        {
          "name": "weezing",
          "url": "https://pokeapi.co/api/v2/pokemon-species/110/"
        },
        {
          "name": "rhydon",
          "url": "https://pokeapi.co/api/v2/pokemon-species/112/"
        },
        {
          "name": "chansey",
          "url": "https://pokeapi.co/api/v2/pokemon-species/113/"
        },
        {
          "name": "seadra",
          "url": "https://pokeapi.co/api/v2/pokemon-species/117/"
        },
        {
          "name": "seaking",
          "url": "https://pokeapi.co/api/v2/pokemon-species/119/"
        },
        {
          "name": "starmie",
          "url": "https://pokeapi.co/api/v2/pokemon-species/121/"
        },
        {
          "name": "mr-mime",
          "url": "https://pokeapi.co/api/v2/pokemon-species/122/"
        },
        {
          "name": "jynx",
          "url": "https://pokeapi.co/api/v2/pokemon-species/124/"
        },
        {
          "name": "electabuzz",
          "url": "https://pokeapi.co/api/v2/pokemon-species/125/"
        },
        {
          "name": "magmar",
          "url": "https://pokeapi.co/api/v2/pokemon-species/126/"
        },
        {
          "name": "gyarados",
          "url": "https://pokeapi.co/api/v2/pokemon-species/130/"
        },
        {
          "name": "vaporeon",
          "url": "https://pokeapi.co/api/v2/pokemon-species/134/"
        },
        {
          "name": "jolteon",
          "url": "https://pokeapi.co/api/v2/pokemon-species/135/"
        },
        {
          "name": "flareon",
          "url": "https://pokeapi.co/api/v2/pokemon-species/136/"
        },
        {
          "name": "omastar",
          "url": "https://pokeapi.co/api/v2/pokemon-species/139/"
        },
        {
          "name": "kabutops",
          "url": "https://pokeapi.co/api/v2/pokemon-species/141/"
        },
        {
          "name": "snorlax",
          "url": "https://pokeapi.co/api/v2/pokemon-species/143/"
        },
        {
          "name": "dragonair",
          "url": "https://pokeapi.co/api/v2/pokemon-species/148/"
        },
        {
          "name": "dragonite",
          "url": "https://pokeapi.co/api/v2/pokemon-species/149/"
        },
        {
          "name": "mew",
          "url": "https://pokeapi.co/api/v2/pokemon-species/151/"
        },
        {
          "name": "ivysaur",
          "url": "https://pokeapi.co/api/v2/pokemon-species/2/"
        },
        {
          "name": "golem",
          "url": "https://pokeapi.co/api/v2/pokemon-species/76/"
        }
      ],
      "nextUrl": "https://pokeapi.co/api/v2/pokemon/?offset\u003d5\u0026limit\u003d5",
      "prevUrl": null,
      "startIndex": 0,
      "totalPages": 261,
      "visibleItems": []
    },
    "meta": {
      "name": "root"
    },
    "props": {
      "breakpoints": [
        {
          "minWidth": 0,
          "name": "sm"
        },
        {
          "minWidth": 600,
          "name": "md"
        },
        {
          "minWidth": 1200,
          "name": "lg"
        }
      ],
      "style": {
        "classes": "view-root",
        "marginTop": "10px"
      }
    },
    "type": "ia.container.column"
  }
}